<?xml version="1.0" encoding="UTF-8" standalone="no"?>
<catalog prefer="public" xmlns="urn:oasis:names:tc:entity:xmlns:xml:catalog">
    <uri id="Imports Wizard Entry" name="http://elasticmanufacturingsystems.org/capacityModel" uri="EMS_capacityModel.ttl"/>
    <uri id="User Entered Import Resolution" name="http://elasticmanufacturingsystems.org/elasticontology" uri="ElasticOntology_2023-07-18-3.ttl"/>
    <uri id="Imports Wizard Entry" name="https://resourcedescription.rd.tuni.fi/ontology/resourceModel" uri="EMS_resourceModel.ttl"/>
    <uri id="Imports Wizard Entry" name="https://resourcedescription.rd.tuni.fi/ontology/resourceModel" uri="https://resourcedescription.rd.tuni.fi/ontology/resourceModel.owl"/>
    <uri id="Imports Wizard Entry" name="https://resourcedescription.rd.tuni.fi/ontology/productModel" uri="EMS_productModel.ttl"/>
    <uri id="Imports Wizard Entry" name="https://resourcedescription.rd.tuni.fi/ontology/commonConcepts" uri="EMS_commonConcepts.ttl"/>
    <uri id="Imports Wizard Entry" name="https://resourcedescription.rd.tuni.fi/ontology/capabilityModel" uri="EMS_capabilityModel.ttl"/>
    <group id="Folder Repository, directory=, recursive=true, Auto-Update=true, version=2" prefer="public" xml:base="">
        <uri id="Automatically generated entry, Timestamp=1707242515405" name="http://www.semanticweb.org/ezzbe1/ontologies/2024/0/untitled-ontology-9" uri="Capacity%20try%201.owl"/>
    </group>
</catalog>
